epoch,train_psnr,test_psnr,train_loss
1,6.434418922007219,6.3770270067205175,0.28949832543730736
2,9.1116655955309,8.979175726767908,0.16256599128246307
